연령,직종,학교급,평균,중위값,p25,p75,count
19,교원,유치원,118460.0,118460.0,118460.0,118460.0,1
19,직원,유치원,65000.0,65000.0,65000.0,65000.0,1
20,교원,유치원,176920.0,153980.0,121675.0,220695.0,3
20,직원,대학교,223724.44444444444,204220.0,191020.0,262400.0,9
20,직원,법인,158380.0,158380.0,158380.0,158380.0,1
20,직원,유치원,99837.0,98750.0,86612.5,110782.5,10
21,교원,유치원,97233.6,91000.0,79880.0,110500.0,25
21,직원,대학교,320017.64705882355,312780.0,219520.0,347640.0,17
21,직원,유치원,133893.57142857142,122665.0,96142.5,172052.5,14
21,직원,전문대학,192070.0,192070.0,192070.0,192070.0,1
22,교원,유치원,114578.7969924812,109660.0,88217.5,125587.5,532
22,직원,대학교,376223.9393939394,366100.0,174420.0,520110.0,33
22,직원,유치원,117458.09523809524,102290.0,85330.0,144930.0,21
22,직원,전문대학,156407.5,119160.0,102757.5,148732.5,28
22,직원,중학교,158120.0,158120.0,158120.0,158120.0,1
23,교원,유치원,132164.45263754964,120610.0,102290.0,141570.0,3526
23,직원,고등학교,3289960.0,3289960.0,3289960.0,3289960.0,1
23,직원,대학교,254310.96774193548,226710.0,190140.0,283300.0,403
23,직원,법인,171020.0,171020.0,171020.0,171020.0,1
23,직원,유치원,124891.71428571429,109400.0,81725.0,132470.0,35
23,직원,전문대학,174233.26923076922,170040.0,128302.5,221592.5,52
23,직원,특수학교,116180.0,116180.0,116180.0,116180.0,1
24,교원,고등학교,192705.0,192705.0,190162.5,195247.5,2
24,교원,유치원,180292.86406173042,169000.0,116955.0,236100.0,6091
24,교원,전문대학,233870.0,233870.0,233870.0,233870.0,2
24,교원,초등학교,191226.66666666666,188500.0,177850.0,203240.0,3
24,직원,고등학교,1147148.5714285714,275630.0,192850.0,1921750.0,7
24,직원,대학교,277468.22874493926,245030.0,203100.0,322605.0,2964
24,직원,유치원,152822.92307692306,127850.0,97500.0,178750.0,65
24,직원,전문대학,283440.98039215687,212670.0,126755.0,244965.0,51
24,직원,중학교,193693.33333333334,212630.0,167505.0,229350.0,3
25,교원,고등학교,223271.42857142858,220130.0,142000.0,298585.0,7
25,교원,유치원,246149.69604052792,237260.0,133440.0,318500.0,7501
25,교원,중학교,356700.0,356700.0,356700.0,356700.0,1
25,교원,초등학교,262895.71428571426,232870.0,210665.0,274085.0,7
25,직원,고등학교,275805.0,270410.0,160532.5,384687.5,8
25,직원,대학교,402354.2234636872,369625.0,258575.0,510337.5,5370
25,직원,법인,411945.0,411945.0,408737.5,415152.5,2
25,직원,유치원,252392.0588235294,190325.0,114742.5,282982.5,68
25,직원,전문대학,248897.33333333334,202035.0,161100.0,247485.0,60
25,직원,중학교,339562.5,332190.0,207195.0,464557.5,4
25,직원,특수학교,270936.6666666667,289380.0,244035.0,307060.0,3
26,교원,고등학교,426699.0,425355.0,236467.5,593612.5,10
26,교원,대학교,157068.57142857142,78540.0,78540.0,201680.0,7
26,교원,유치원,365859.21595427435,276420.0,146967.5,406102.5,8048
26,교원,전문대학,204270.0,204270.0,145035.0,263505.0,2
26,교원,중학교,580926.6666666666,618690.0,440940.0,739795.0,3
26,교원,초등학교,428650.0,380100.0,353650.0,535615.0,11
26,교원,특수학교,274215.0,274215.0,265947.5,282482.5,2
26,직원,고등학교,340185.0,277825.0,216317.5,431852.5,8
26,직원,대학교,526118.2826379542,469630.0,286855.0,702660.0,7430
26,직원,법인,150800.0,150800.0,150800.0,150800.0,1
26,직원,유치원,221144.77777777778,163910.0,104292.5,281800.0,90
26,직원,전문대학,658634.0625,213795.0,171357.5,316180.0,32
26,직원,중학교,200986.0,204050.0,194990.0,229370.0,5
26,직원,특수학교,270935.0,270935.0,221537.5,320332.5,2
27,교원,고등학교,327645.0,203125.0,165080.0,412020.0,16
27,교원,대학교,394786.6666666667,256030.0,183195.0,481685.0,15
27,교원,유치원,698993.6382113821,324160.0,169602.5,567337.5,7872
27,교원,전문대학,172860.0,173060.0,156675.0,189145.0,3
27,교원,중학교,498043.3333333333,441710.0,390265.0,577655.0,3
27,교원,초등학교,483764.44444444444,519990.0,276320.0,611610.0,9
27,교원,특수학교,455916.6666666667,389780.0,279625.0,599140.0,3
27,직원,고등학교,332037.8947368421,241150.0,188925.0,510545.0,19
27,직원,대학교,715163.2953929539,571415.0,312000.0,873680.0,7380
27,직원,법인,449512.5,477640.0,380335.0,546817.5,4
27,직원,유치원,358128.42696629214,189880.0,113750.0,346660.0,89
27,직원,전문대학,518295.8620689655,251880.0,184520.0,391792.5,58
27,직원,중학교,216398.88888888888,181250.0,162040.0,257260.0,9
27,직원,초등학교,1536155.0,224755.0,187450.0,1573460.0,4
27,직원,특수학교,210880.0,216200.0,190845.0,233575.0,3
28,교원,고등학교,501259.03225806454,371660.0,222530.0,621960.0,31
28,교원,대학교,632119.5833333334,204365.0,166220.0,374815.0,24
28,교원,유치원,968487.200899761,358210.0,180630.0,2043610.0,7113
28,교원,전문대학,237530.0,213560.0,171212.5,248355.0,6
28,교원,중학교,425301.4285714286,356890.0,197085.0,590830.0,7
28,교원,초등학교,600960.0,516295.0,408727.5,829712.5,8
28,교원,특수학교,518810.0,434230.0,194840.0,758200.0,4
28,직원,고등학교,669874.1666666666,263175.0,177742.5,401475.0,24
28,직원,대학교,1165408.1485435413,701480.0,338610.0,1102980.0,6557
28,직원,법인,409408.5714285714,412600.0,283430.0,470440.0,7
28,직원,유치원,504584.3298969072,225420.0,143000.0,363630.0,97
28,직원,전문대학,305368.8679245283,243500.0,190000.0,290730.0,53
28,직원,중학교,790695.7142857143,199135.0,160540.0,304550.0,14
28,직원,특수학교,462626.6666666667,531980.0,384305.0,575625.0,3
29,교원,고등학교,815841.3513513514,560840.0,343800.0,873320.0,37
29,교원,대학교,1122879.3617021276,412390.0,262960.0,724735.0,47
29,교원,유치원,1235828.120423108,412530.0,208300.0,2483260.0,6145
29,교원,전문대학,286411.8181818182,293920.0,163985.0,397195.0,11
29,교원,중학교,1535873.3333333333,159310.0,152820.0,2230645.0,3
29,교원,초등학교,1169333.3333333333,584770.0,410340.0,769600.0,15
29,교원,특수학교,1347495.0,495445.0,325032.5,1517907.5,4
29,직원,고등학교,886052.5,413965.0,171082.5,694762.5,20
29,직원,대학교,1842736.8514851485,912150.0,427560.0,1579360.0,6565
29,직원,법인,574402.8571428572,591100.0,381255.0,791250.0,7
29,직원,유치원,611330.1111111111,234160.0,116760.0,466380.0,90
29,직원,전문대학,518522.7631578947,282530.0,175815.0,483260.0,76
29,직원,중학교,737250.0,268315.0,162857.5,569492.5,8
29,직원,초등학교,245395.0,245395.0,200382.5,290407.5,2
29,직원,특수학교,352161.25,226180.0,188830.0,373795.0,8
30,교원,고등학교,1042204.2592592592,420245.0,231527.5,795382.5,54
30,교원,대학교,1237173.6607142857,409480.0,246042.5,753397.5,112
30,교원,유치원,1421246.9260179698,438310.0,219615.0,2783350.0,5231
30,교원,전문대학,813147.1428571428,430440.0,194685.0,619680.0,7
30,교원,중학교,1679288.1818181819,683250.0,426240.0,2325835.0,11
30,교원,초등학교,932318.75,637295.0,412030.0,931480.0,16
30,교원,특수학교,5086730.0,5086730.0,5086730.0,5086730.0,1
30,직원,고등학교,824685.0,457985.0,269795.0,617655.0,24
30,직원,대학교,2882740.9618824823,1267970.0,609480.0,5350335.0,7267
30,직원,법인,1475973.75,390740.0,313322.5,659407.5,8
30,직원,유치원,748929.4845360825,292900.0,151660.0,533730.0,97
30,직원,전문대학,772763.9534883721,346685.0,226215.0,580365.0,86
30,직원,중학교,499885.0,235675.0,166600.0,306552.5,20
30,직원,초등학교,263170.0,263170.0,263170.0,263170.0,1
30,직원,특수학교,2374680.0,2374680.0,1293220.0,3456140.0,2
31,교원,고등학교,1578702.2448979593,659000.0,325240.0,2426620.0,49
31,교원,대학교,2045624.5033112583,482870.0,297585.0,4570765.0,151
31,교원,유치원,1610033.5048963788,459820.0,226610.0,3027215.0,4391
31,교원,전문대학,480310.55555555556,240250.0,153070.0,446977.5,18
31,교원,중학교,2478587.5,1909170.0,377645.0,3860212.5,12
31,교원,초등학교,2554786.4285714286,718100.0,272057.5,4945150.0,14
31,교원,특수학교,3410186.25,3991375.0,938560.0,5310107.5,8
31,직원,고등학교,1349800.0,337900.0,256780.0,675792.5,24
31,직원,대학교,3208717.0089068827,1387910.0,634865.0,5718710.0,6175
31,직원,법인,1438366.0,1026165.0,710967.5,1177367.5,10
31,직원,유치원,696169.6296296297,235550.0,128482.5,520260.0,108
31,직원,전문대학,1209089.0909090908,425355.0,262092.5,639530.0,88
31,직원,중학교,1080486.6666666667,529800.0,458990.0,665810.0,9
31,직원,초등학교,3318025.0,3318025.0,1845007.5,4791042.5,2
31,직원,특수학교,2856818.0,4120760.0,693300.0,4616730.0,5
32,교원,고등학교,2751810.277777778,1130735.0,639897.5,4637567.5,36
32,교원,대학교,1950143.9795918367,544605.0,324900.0,1110660.0,196
32,교원,유치원,1937480.237536657,488865.0,218652.5,3329370.0,3410
32,교원,전문대학,557157.8571428572,449275.0,241580.0,629445.0,28
32,교원,중학교,3517411.6666666665,4235450.0,518530.0,5502622.5,12
32,교원,초등학교,2267881.8181818184,710920.0,430525.0,4671535.0,11
32,교원,특수학교,4419534.285714285,4186590.0,845645.0,6821225.0,7
32,직원,고등학교,1463219.142857143,500260.0,247690.0,1675960.0,35
32,직원,대학교,3388294.1829937305,1339025.0,603185.0,5937000.0,5104
32,직원,법인,1857728.5714285714,672500.0,480662.5,3464137.5,14
32,직원,유치원,793700.8653846154,277990.0,140200.0,511957.5,104
32,직원,전문대학,1342211.375,476865.0,240802.5,1359327.5,80
32,직원,중학교,1359554.4444444445,570490.0,257030.0,2769960.0,9
32,직원,초등학교,1499585.0,405145.0,229670.0,1675060.0,4
32,직원,특수학교,2034790.0,581480.0,313010.0,3018640.0,5
33,교원,고등학교,1794793.7333333334,546820.0,362120.0,2088895.0,75
33,교원,대학교,1951596.336996337,538870.0,320420.0,1300160.0,273
33,교원,유치원,2046532.2290076336,475100.0,214675.0,3476115.0,2620
33,교원,전문대학,1222749.4117647058,436670.0,341290.0,763132.5,34
33,교원,중학교,2893355.4545454546,681160.0,362645.0,4507190.0,11
33,교원,초등학교,4383381.25,4417425.0,399482.5,6676942.5,24
33,교원,특수학교,5344843.0,5638500.0,839775.0,7851602.5,10
33,직원,고등학교,1899627.25,531330.0,216625.0,1422572.5,40
33,직원,대학교,3728045.051321249,1323920.0,638220.0,6153815.0,4579
33,직원,법인,3236310.0,2887255.0,522700.0,5358167.5,6
33,직원,유치원,1167392.7956989247,256550.0,139060.0,518360.0,93
33,직원,전문대학,1491956.4197530865,472760.0,270340.0,2566250.0,81
33,직원,중학교,2839736.0,3766250.0,187730.0,5068150.0,15
33,직원,초등학교,4482076.666666667,3469670.0,2136585.0,6321365.0,3
33,직원,특수학교,1857072.5,650295.0,431600.0,3831255.0,8
34,교원,고등학교,3235684.1791044776,2762950.0,444560.0,5449265.0,67
34,교원,대학교,2140419.772079772,635160.0,361390.0,2165465.0,351
34,교원,유치원,2076882.5291647224,433930.0,202620.0,3313575.0,2143
34,교원,전문대학,1073373.137254902,452730.0,320900.0,730525.0,51
34,교원,중학교,3372346.6666666665,1101900.0,902730.0,5868940.0,9
34,교원,초등학교,5482296.666666667,5281885.0,881605.0,7436425.0,18
34,교원,특수학교,5100743.333333333,5823265.0,857155.0,9070255.0,12
34,직원,고등학교,2892272.2580645164,713540.0,368735.0,4380395.0,31
34,직원,대학교,3883365.873411413,1236930.0,625590.0,6181270.0,4013
34,직원,법인,3739033.3333333335,4757490.0,1204780.0,5120200.0,9
34,직원,유치원,1477411.7808219178,225030.0,130390.0,916980.0,73
34,직원,전문대학,1912972.878787879,634980.0,407485.0,3227000.0,66
34,직원,중학교,2311584.117647059,493360.0,319470.0,3337610.0,17
34,직원,초등학교,240565.0,240565.0,216567.5,264562.5,2
34,직원,특수학교,2506290.0,858600.0,638905.0,1868020.0,7
35,교원,고등학교,4254047.288135593,4881400.0,482610.0,6465930.0,59
35,교원,대학교,2456983.7906976743,700725.0,391910.0,2890710.0,430
35,교원,유치원,2073819.6153846155,410130.0,191735.0,3122032.5,1690
35,교원,전문대학,1018565.0684931506,478600.0,290490.0,783780.0,73
35,교원,중학교,2565841.4285714286,1183590.0,933700.0,4579650.0,7
35,교원,초등학교,4799566.923076923,4447500.0,487900.0,6749990.0,13
35,교원,특수학교,4899082.142857143,4553765.0,1291990.0,6735350.0,14
35,직원,고등학교,4100066.111111111,3326765.0,598877.5,6506897.5,36
35,직원,대학교,3981077.686734949,1182870.0,631970.0,6003390.0,4003
35,직원,법인,2935225.0,832235.0,551387.5,5760322.5,12
35,직원,유치원,1112588.8636363635,206570.0,113750.0,641672.5,88
35,직원,전문대학,3002170.7526881723,2235920.0,311870.0,4501530.0,93
35,직원,중학교,3340321.1764705884,952400.0,579680.0,3485860.0,17
35,직원,초등학교,3437580.0,4047210.0,2131230.0,5048745.0,3
35,직원,특수학교,2391553.3333333335,279965.0,184530.0,395507.5,6
36,교원,고등학교,5339703.571428572,5106635.0,985157.5,7638405.0,84
36,교원,대학교,2597773.73253493,752120.0,378670.0,3308390.0,501
36,교원,유치원,2245078.691135734,394230.0,182515.0,3078950.0,1444
36,교원,전문대학,1366170.8333333333,412935.0,296650.0,847350.0,72
36,교원,중학교,7825211.25,8187845.0,3907412.5,11417617.5,24
36,교원,초등학교,5408776.111111111,5735615.0,746287.5,7905525.0,18
36,교원,특수학교,6328326.428571428,6635475.0,2114697.5,8526912.5,14
36,직원,고등학교,2650805.8974358975,793130.0,454630.0,4269010.0,39
36,직원,대학교,4336041.756717712,1294480.0,674860.0,6565890.0,3461
36,직원,법인,5696240.833333333,6472930.0,1369317.5,7280947.5,12
36,직원,유치원,1190896.3934426229,226545.0,133390.0,1438787.5,122
36,직원,전문대학,3960937.654320988,2271080.0,512970.0,6938490.0,81
36,직원,중학교,3697573.75,449535.0,397410.0,2585622.5,8
36,직원,초등학교,6876080.0,6876080.0,6876080.0,6876080.0,1
36,직원,특수학교,7530225.0,4679400.0,3001795.0,12934835.0,6
37,교원,고등학교,5872627.2727272725,5511670.0,997980.0,8779350.0,77
37,교원,대학교,2812484.845173042,955590.0,438640.0,3350840.0,549
37,교원,유치원,2184851.344,398930.0,192545.0,2868690.0,1250
37,교원,전문대학,1462180.752688172,537650.0,308600.0,2667350.0,93
37,교원,중학교,6197598.571428572,6401050.0,2996760.0,11042020.0,21
37,교원,초등학교,5471466.363636363,1020130.0,601745.0,8136300.0,11
37,교원,특수학교,7485739.090909091,6243530.0,2711860.0,13201985.0,11
37,직원,고등학교,5746957.428571428,4148670.0,416870.0,11233145.0,35
37,직원,대학교,4673784.382949467,1380960.0,697900.0,6623300.0,2909
37,직원,법인,8460608.0,5768790.0,990810.0,10714840.0,5
37,직원,유치원,963645.4700854701,242660.0,118620.0,508280.0,117
37,직원,전문대학,3973436.533333333,3255410.0,353205.0,5716760.0,75
37,직원,중학교,4523943.333333333,4192340.0,2217500.0,6664585.0,3
37,직원,초등학교,5443556.666666667,3467090.0,2154605.0,7744275.0,3
37,직원,특수학교,4239505.0,3820130.0,472305.0,6779980.0,6
38,교원,고등학교,7617440.625,6602345.0,3501497.5,11452207.5,80
38,교원,대학교,3238706.1726384363,989330.0,479575.0,4152430.0,614
38,교원,유치원,2379733.2186948853,382980.0,176570.0,2912827.5,1134
38,교원,전문대학,1413234.7706422019,504260.0,286650.0,1063280.0,109
38,교원,중학교,10138943.57142857,12774220.0,6671052.5,14064310.0,14
38,교원,초등학교,6992972.857142857,5864790.0,4212430.0,10070800.0,21
38,교원,특수학교,9658672.142857144,10545650.0,478922.5,15666430.0,14
38,직원,고등학교,6382710.625,6387075.0,639575.0,10541207.5,32
38,직원,대학교,5365345.460869566,1531715.0,730330.0,7366720.0,2300
38,직원,법인,6608392.0,3695835.0,1242012.5,10456795.0,10
38,직원,유치원,1268600.303030303,271140.0,132850.0,508735.0,99
38,직원,전문대학,5488277.222222222,4400650.0,713240.0,6415740.0,54
38,직원,중학교,4181148.1818181816,4032500.0,1000230.0,6289865.0,11
38,직원,초등학교,1122173.3333333333,565450.0,402475.0,1563510.0,3
38,직원,특수학교,5916961.666666667,4556640.0,1506580.0,7506320.0,6
39,교원,고등학교,9559047.631578946,9648630.0,4502977.5,14246097.5,76
39,교원,대학교,4220082.8965517245,1069955.0,479987.5,5608627.5,580
39,교원,유치원,2264268.83902439,362300.0,176970.0,2798250.0,1025
39,교원,전문대학,1550881.2,472930.0,316967.5,2973222.5,100
39,교원,중학교,9470456.8,9870640.0,5122670.0,13973830.0,25
39,교원,초등학교,10892379.285714285,11111730.0,2399377.5,17571282.5,14
39,교원,특수학교,13114406.42857143,14465030.0,8923600.0,18632910.0,14
39,직원,고등학교,7426835.12195122,6150430.0,1218430.0,12245320.0,41
39,직원,대학교,6636554.4334112145,2053390.0,708775.0,9912362.5,1712
39,직원,법인,3694544.0,994880.0,366180.0,7630895.0,15
39,직원,유치원,1354404.496124031,220950.0,135390.0,384440.0,129
39,직원,전문대학,5364925.423728813,4291390.0,540070.0,7173680.0,59
39,직원,중학교,4853751.818181818,5311540.0,2052495.0,6268820.0,11
39,직원,초등학교,1438700.0,211710.0,171780.0,2092125.0,3
39,직원,특수학교,10082396.666666666,8056710.0,655150.0,19041890.0,9
40,교원,고등학교,10378279.0,9363955.0,5253077.5,15379810.0,90
40,교원,대학교,4723499.84375,1369675.0,540650.0,6270540.0,576
40,교원,유치원,2302282.2707889127,369310.0,169557.5,2828830.0,938
40,교원,전문대학,2031128.2170542635,496060.0,302810.0,2761250.0,129
40,교원,중학교,14477196.57142857,15327660.0,8211250.0,19667540.0,35
40,교원,초등학교,11851992.307692308,11952460.0,8439620.0,16727000.0,13
40,교원,특수학교,13779876.666666666,17829000.0,4337747.5,21104097.5,6
40,직원,고등학교,9380200.0,9576960.0,3404220.0,13106730.0,33
40,직원,대학교,8246457.819494585,3883950.0,870900.0,13034560.0,1385
40,직원,법인,7532335.0,7028270.0,3540297.5,11020307.5,4
40,직원,유치원,752973.3333333334,197325.0,114425.0,451035.0,108
40,직원,전문대학,8612304.647887323,6700110.0,823445.0,13221730.0,71
40,직원,중학교,6171816.363636363,4010610.0,615125.0,10979780.0,11
40,직원,초등학교,14868950.0,12021460.0,8922575.0,19391580.0,3
40,직원,특수학교,11520198.57142857,5854500.0,5045270.0,19975745.0,7
41,교원,고등학교,11689608.936170213,10987355.0,6758065.0,16214225.0,94
41,교원,대학교,5166771.975088968,1458420.0,555280.0,7721377.5,562
41,교원,유치원,2282150.289672544,363870.0,176645.0,2894885.0,794
41,교원,전문대학,2849527.4637681157,702825.0,336772.5,4013242.5,138
41,교원,중학교,14111949.47368421,16361390.0,8711635.0,19736487.5,38
41,교원,초등학교,9422137.692307692,7042720.0,1081770.0,13859510.0,13
41,교원,특수학교,8188828.888888889,5521840.0,3858190.0,15909600.0,9
41,직원,고등학교,13150186.363636363,9771540.0,4216370.0,18175520.0,33
41,직원,대학교,9030817.280858677,5024720.0,939107.5,15376902.5,1118
41,직원,법인,9061128.333333334,8068080.0,4005105.0,10557960.0,6
41,직원,유치원,1260553.1578947369,193835.0,116377.5,504137.5,114
41,직원,전문대학,7642302.857142857,6269410.0,511275.0,10938470.0,63
41,직원,중학교,7108246.25,3560630.0,642060.0,13257872.5,8
41,직원,초등학교,25719410.0,25719410.0,25719410.0,25719410.0,1
41,직원,특수학교,12098967.5,10874480.0,8412097.5,14561350.0,4
42,교원,고등학교,12765103.47826087,12228635.0,7083412.5,17091252.5,92
42,교원,대학교,5903593.181818182,1441045.0,519137.5,7835852.5,594
42,교원,유치원,2433415.0407608696,364245.0,183485.0,2661160.0,736
42,교원,전문대학,2701045.6923076925,663350.0,310410.0,3969960.0,130
42,교원,중학교,15807635.0,15667275.0,9240095.0,22376835.0,40
42,교원,초등학교,10655961.0,10357610.0,794872.5,16653902.5,10
42,교원,특수학교,17225008.888888888,19139310.0,8416310.0,27038540.0,9
42,직원,고등학교,10752208.863636363,8193400.0,628992.5,14769340.0,44
42,직원,대학교,11653377.6,6203675.0,888067.5,20345637.5,900
42,직원,법인,6512701.428571428,6850530.0,224130.0,8877065.0,7
42,직원,유치원,967934.8571428572,194285.0,109275.0,392397.5,140
42,직원,전문대학,11281855.616438355,9118810.0,3318090.0,15333550.0,73
42,직원,중학교,9075291.42857143,8318340.0,2567670.0,12482175.0,7
42,직원,초등학교,9692120.0,14270480.0,7298790.0,14374630.0,3
42,직원,특수학교,13222082.727272727,8363030.0,4214755.0,20880435.0,11
43,교원,고등학교,15443703.372093024,14212735.0,7195197.5,22533517.5,86
43,교원,대학교,6758410.297202798,1665400.0,567767.5,9600497.5,572
43,교원,유치원,2879389.665327979,396870.0,192405.0,3432730.0,747
43,교원,전문대학,3278943.98089172,663680.0,330810.0,5073180.0,157
43,교원,중학교,20261126.53846154,22447700.0,11806155.0,26983277.5,26
43,교원,초등학교,9335441.666666666,9953725.0,2738987.5,11524570.0,6
43,교원,특수학교,21078340.0,23879980.0,17473620.0,26060835.0,7
43,직원,고등학교,11966270.833333334,9351225.0,3339632.5,15195925.0,24
43,직원,대학교,14416854.00510204,9356395.0,1148132.5,23355485.0,784
43,직원,법인,6577773.333333333,1102875.0,610827.5,5146442.5,6
43,직원,유치원,726977.1328671329,169390.0,106205.0,304850.0,143
43,직원,전문대학,14411488.57142857,10306545.0,1109490.0,24387945.0,56
43,직원,중학교,8505235.0,5312000.0,676315.0,15835560.0,8
43,직원,초등학교,13467236.0,11532560.0,6183750.0,17792690.0,5
43,직원,특수학교,4761198.571428572,4485210.0,577825.0,8094675.0,7
44,교원,고등학교,18445422.592592593,16959340.0,10220500.0,25975210.0,81
44,교원,대학교,7651188.104906937,2828690.0,604300.0,11201430.0,591
44,교원,유치원,2693880.6574923545,371570.0,186235.0,3034570.0,654
44,교원,전문대학,4569956.136363637,788330.0,383682.5,5403592.5,176
44,교원,중학교,20783757.0,20463040.0,13502277.5,29636232.5,40
44,교원,초등학교,19015405.0,18625565.0,6437532.5,30435842.5,12
44,교원,특수학교,16384700.0,14267665.0,10324050.0,18435892.5,8
44,직원,고등학교,14765605.3125,12926805.0,4734305.0,22193095.0,32
44,직원,대학교,15516441.792717086,9669070.0,1178380.0,27280852.5,714
44,직원,법인,6805482.5,2060700.0,372700.0,12745272.5,8
44,직원,유치원,1650704.081632653,206260.0,118885.0,933105.0,147
44,직원,전문대학,18028670.677966103,20152680.0,5500195.0,25278015.0,59
44,직원,중학교,15211582.222222222,12333100.0,6688620.0,19012910.0,9
44,직원,초등학교,16535816.666666666,546770.0,446555.0,24630555.0,3
44,직원,특수학교,6421897.5,6544300.0,4663482.5,8302715.0,4
45,교원,고등학교,20174793.92156863,19600700.0,10350207.5,29129245.0,102
45,교원,대학교,8087710.737410072,2923570.0,576215.0,11192662.5,556
45,교원,유치원,3895240.2891156464,409950.0,174627.5,4013767.5,588
45,교원,전문대학,3382123.05,799490.0,328770.0,5126305.0,200
45,교원,중학교,24342441.85185185,27163650.0,11496515.0,36359675.0,27
45,교원,초등학교,21063757.777777776,17024160.0,12231870.0,26937400.0,9
45,교원,특수학교,34293511.25,33709850.0,28895992.5,42669250.0,8
45,직원,고등학교,18294319.210526317,19005870.0,5647937.5,28136345.0,38
45,직원,대학교,17661514.602649007,11414690.0,1319810.0,30679222.5,604
45,직원,법인,9466558.333333334,7869780.0,5300090.0,11064032.5,6
45,직원,유치원,1035293.3333333334,196130.0,123852.5,353950.0,192
45,직원,전문대학,19257758.13559322,19180200.0,5770710.0,26212155.0,59
45,직원,중학교,14539915.714285715,7969035.0,6506430.0,22596007.5,14
45,직원,초등학교,9267405.0,9687795.0,5976935.0,12978265.0,4
45,직원,특수학교,6594928.888888889,6712280.0,732040.0,10677880.0,9
46,교원,고등학교,24336262.525252525,23974890.0,13365325.0,32589025.0,99
46,교원,대학교,8826579.777975133,3587200.0,540880.0,11817470.0,563
46,교원,유치원,2739298.61682243,404920.0,183775.0,3120430.0,535
46,교원,전문대학,4280744.666666667,692230.0,372400.0,5351260.0,165
46,교원,중학교,27445340.588235293,30696160.0,17105670.0,38297192.5,34
46,교원,초등학교,27083573.333333332,28976515.0,28482792.5,31346227.5,6
46,교원,특수학교,29363160.769230768,29683550.0,7666080.0,45400710.0,13
46,직원,고등학교,11196482.727272727,8454080.0,594300.0,18258350.0,33
46,직원,대학교,21039150.193321615,15835980.0,1352380.0,40013740.0,569
46,직원,법인,13872343.75,12918425.0,6388297.5,19382277.5,8
46,직원,유치원,1156105.8252427184,248305.0,119292.5,538870.0,206
46,직원,전문대학,22915571.57894737,22560180.0,9203520.0,33424670.0,57
46,직원,중학교,10345882.0,1266120.0,902860.0,18750857.5,10
46,직원,초등학교,10314996.666666666,5578280.0,3315505.0,14946130.0,3
46,직원,특수학교,8249872.5,7686675.0,2817765.0,13118782.5,4
47,교원,고등학교,27392618.795180723,27628510.0,14967335.0,39397235.0,83
47,교원,대학교,9320312.284569139,4348410.0,662385.0,12912530.0,499
47,교원,유치원,4081591.5196998124,500790.0,205100.0,4543160.0,533
47,교원,전문대학,5620250.05882353,1039220.0,382692.5,7648545.0,170
47,교원,중학교,31853536.20689655,30760870.0,23766860.0,45092410.0,29
47,교원,초등학교,18493082.777777776,19983705.0,717562.5,29643995.0,18
47,교원,특수학교,29075503.75,27741425.0,23293857.5,39242387.5,8
47,직원,고등학교,16042918.095238095,11351415.0,4456062.5,21988650.0,42
47,직원,대학교,24529974.522417154,21122590.0,2663470.0,43855880.0,513
47,직원,법인,8402067.857142856,942545.0,372090.0,9687137.5,14
47,직원,유치원,919827.7027027027,207025.0,129902.5,418012.5,222
47,직원,전문대학,20975855.757575758,20869540.0,7384660.0,33245335.0,66
47,직원,중학교,22358508.125,20629500.0,13154407.5,30593317.5,16
47,직원,초등학교,15850493.333333334,12164130.0,6204350.0,23653455.0,3
47,직원,특수학교,16927947.272727273,12647970.0,412560.0,31167065.0,11
48,교원,고등학교,27244665.505617976,25680370.0,12244940.0,42908810.0,89
48,교원,대학교,11901333.282149712,5407230.0,598480.0,16853580.0,521
48,교원,유치원,3981983.2577319588,514510.0,211420.0,3799240.0,485
48,교원,전문대학,6469386.963350785,922720.0,369100.0,7436555.0,191
48,교원,중학교,38281122.61904762,42488385.0,28048890.0,48503837.5,42
48,교원,초등학교,18070380.833333332,13057455.0,3272062.5,27213052.5,12
48,교원,특수학교,35998132.0,40819995.0,28012807.5,44342360.0,20
48,직원,고등학교,21460055.23809524,18630210.0,4725465.0,33834400.0,42
48,직원,대학교,26287008.788209606,21119455.0,3500450.0,46444795.0,458
48,직원,법인,14139976.0,694520.0,564400.0,6718580.0,5
48,직원,유치원,1712084.142857143,256280.0,158800.0,821530.0,245
48,직원,전문대학,24727921.96969697,25115085.0,3084472.5,40717707.5,66
48,직원,중학교,18063736.0,14467750.0,5368422.5,32368282.5,20
48,직원,초등학교,19677067.5,9643685.0,5386047.5,23934705.0,4
48,직원,특수학교,18645703.333333332,7210115.0,1205912.5,37518292.5,6
49,교원,고등학교,35536871.428571425,36181260.0,17011555.0,48177835.0,119
49,교원,대학교,12441305.36016949,5061460.0,651277.5,21215672.5,472
49,교원,법인,17720560.0,17720560.0,17720560.0,17720560.0,1
49,교원,유치원,3761419.609053498,471820.0,199472.5,4281370.0,486
49,교원,전문대학,7532040.546448087,3455050.0,406155.0,10871690.0,183
49,교원,중학교,40002864.6875,43355305.0,33112947.5,48843692.5,32
49,교원,초등학교,37222270.0,47108470.0,23936335.0,55451305.0,3
49,교원,특수학교,40135740.0,49239000.0,28313500.0,51945675.0,15
49,직원,고등학교,25887447.714285713,19298790.0,5540580.0,46648940.0,35
49,직원,대학교,31206405.86129754,30733920.0,3668890.0,54440965.0,447
49,직원,법인,12653176.0,1138840.0,254410.0,8300680.0,5
49,직원,유치원,1643875.3181818181,267195.0,133525.0,1631487.5,220
49,직원,전문대학,35472969.77272727,40626585.0,22462660.0,49444610.0,88
49,직원,중학교,24612769.444444444,19013030.0,11424825.0,36630097.5,18
49,직원,초등학교,21646825.0,12203930.0,6078625.0,28121910.0,6
49,직원,특수학교,18142960.666666668,15148870.0,6421950.0,21583425.0,15
50,교원,고등학교,40046690.5882353,45551825.0,25536887.5,55608082.5,102
50,교원,대학교,13432149.169960475,5623375.0,615495.0,20395282.5,506
50,교원,유치원,4045525.692963753,607150.0,236160.0,3782720.0,469
50,교원,전문대학,8708916.93989071,3561330.0,448080.0,10946565.0,183
50,교원,중학교,36410996.571428575,41855960.0,25299135.0,49585735.0,35
50,교원,초등학교,23175933.333333332,1541420.0,910615.0,34623995.0,3
50,교원,특수학교,38357300.0,49239000.0,19283035.0,59581180.0,7
50,직원,고등학교,26528312.558139537,21491090.0,9829980.0,41032845.0,43
50,직원,대학교,32330225.679287307,31727700.0,2447670.0,56425020.0,449
50,직원,법인,5711434.0,5982700.0,362530.0,10235780.0,5
50,직원,유치원,2307605.953307393,256320.0,137110.0,1477320.0,257
50,직원,전문대학,31090648.352941178,32743620.0,10558790.0,47178120.0,85
50,직원,중학교,23798685.0,5668990.0,618002.5,53626132.5,8
50,직원,초등학교,27885530.0,28675055.0,22198292.5,34362292.5,4
50,직원,특수학교,18876294.0,10512095.0,3091655.0,26633295.0,10
51,교원,고등학교,43402449.23076923,48984180.0,23727490.0,59335160.0,117
51,교원,대학교,13020782.239130436,4394860.0,581495.0,19478365.0,460
51,교원,유치원,4936778.985507246,643560.0,249720.0,5589525.0,414
51,교원,전문대학,9907514.350282487,3145040.0,433810.0,12198780.0,177
51,교원,중학교,43687909.14893617,47087650.0,28288765.0,59602385.0,47
51,교원,초등학교,32302819.09090909,31029210.0,24852100.0,42278665.0,11
51,교원,특수학교,47572071.875,51788720.0,39982147.5,63474755.0,16
51,직원,고등학교,26881399.80392157,23754110.0,5338910.0,39731460.0,51
51,직원,대학교,39602595.091649696,48941230.0,8500905.0,62809720.0,491
51,직원,법인,27103211.42857143,12477180.0,6179640.0,39399120.0,7
51,직원,유치원,1306691.5577889448,266270.0,131625.0,1648785.0,199
51,직원,전문대학,36172994.45783132,39895990.0,21657900.0,52506185.0,83
51,직원,중학교,30292792.10526316,32804570.0,4662100.0,49952090.0,19
51,직원,초등학교,61684665.0,61684665.0,61637902.5,61731427.5,2
51,직원,특수학교,21206201.42857143,6434360.0,3181620.0,37203090.0,7
52,교원,고등학교,51401712.92613637,59627540.0,33740080.0,67990962.5,176
52,교원,대학교,16655254.918793503,7037770.0,712380.0,24125015.0,431
52,교원,유치원,5182133.151041667,694895.0,241700.0,6638795.0,384
52,교원,전문대학,13362478.700564971,4273640.0,447550.0,18975520.0,177
52,교원,중학교,51992015.45454545,57884505.0,32945145.0,68921362.5,66
52,교원,초등학교,22929595.833333332,18986905.0,7568880.0,29358915.0,12
52,교원,특수학교,52635741.25,62302455.0,31880127.5,75500102.5,16
52,직원,고등학교,30853239.72972973,23160270.0,5511770.0,52284140.0,37
52,직원,대학교,42841651.0515873,49017725.0,12695247.5,67739547.5,504
52,직원,법인,13891304.166666666,8954130.0,439722.5,27702010.0,12
52,직원,유치원,1843725.875,285375.0,156547.5,1701257.5,240
52,직원,전문대학,44997953.488372095,49770755.0,31179985.0,59960147.5,86
52,직원,중학교,40367037.222222224,42686590.0,21450457.5,52933392.5,18
52,직원,초등학교,15663665.0,15819875.0,9893222.5,21590317.5,4
52,직원,특수학교,26682136.923076924,27577840.0,13594180.0,37131380.0,13
53,교원,고등학교,61592690.0,66950010.0,55838225.0,73513525.0,255
53,교원,대학교,17485956.150712833,7464610.0,704035.0,26208670.0,491
53,교원,유치원,5648713.068181818,1004955.0,281350.0,6519967.5,352
53,교원,전문대학,14947393.544303797,4585135.0,432252.5,21370550.0,158
53,교원,중학교,61361253.83838384,66892930.0,56839750.0,73530535.0,99
53,교원,초등학교,42383534.44444445,40243320.0,27951520.0,61589580.0,9
53,교원,특수학교,59151495.88235294,69271140.0,35438840.0,73235640.0,17
53,직원,고등학교,35221457.11111111,39871220.0,13737890.0,50675090.0,45
53,직원,대학교,48078205.51383399,59277415.0,13150200.0,71953337.5,506
53,직원,법인,43105102.85714286,58072590.0,9003325.0,71005595.0,7
53,직원,유치원,2354554.835680751,329750.0,157800.0,2048030.0,213
53,직원,전문대학,38577688.5,43022080.0,13579862.5,60100365.0,80
53,직원,중학교,30587660.714285713,30312955.0,4809337.5,49088830.0,14
53,직원,초등학교,30813374.0,23378610.0,20276030.0,40332430.0,5
53,직원,특수학교,23019842.5,25146750.0,16112810.0,32053782.5,4
54,교원,고등학교,64662283.211009175,71278540.0,60292980.0,76618745.0,327
54,교원,대학교,17058513.205741625,6238525.0,599425.0,28305085.0,418
54,교원,유치원,4952716.503267974,630495.0,262940.0,5431747.5,306
54,교원,전문대학,21788744.43902439,8077650.0,723060.0,41490410.0,205
54,교원,중학교,64494145.833333336,74200265.0,52050462.5,79036910.0,156
54,교원,초등학교,49793616.666666664,45953530.0,42541590.0,56754042.5,6
54,교원,특수학교,63591121.11111111,75984400.0,46320215.0,84472015.0,27
54,직원,고등학교,39971387.93103448,40706615.0,18525090.0,62271682.5,58
54,직원,대학교,56443399.592529714,66847990.0,35527830.0,78684190.0,589
54,직원,법인,40593567.27272727,26554600.0,9325905.0,69937895.0,11
54,직원,유치원,2032549.1176470588,279955.0,142700.0,1887567.5,238
54,직원,전문대학,44074446.76056338,47025180.0,25895155.0,63073880.0,71
54,직원,중학교,30831517.608695652,31503590.0,8151090.0,44844475.0,23
54,직원,초등학교,28068270.0,14885690.0,8961640.0,40583610.0,3
54,직원,특수학교,39351956.0,49718715.0,8130667.5,65402125.0,10
55,교원,고등학교,68832570.57251908,76044035.0,64195957.5,81319955.0,524
55,교원,대학교,22304485.964010283,10298760.0,844950.0,36261420.0,389
55,교원,유치원,6379243.720930233,1207480.0,320142.5,7288747.5,258
55,교원,전문대학,26200107.22513089,10185040.0,849935.0,51784185.0,191
55,교원,중학교,73421878.11881188,78011925.0,69916122.5,83227190.0,202
55,교원,초등학교,52004044.0,61001945.0,20076700.0,81752337.5,10
55,교원,특수학교,69172702.72727273,82017160.0,58261950.0,88135280.0,33
55,직원,고등학교,35994068.1632653,33864780.0,12584690.0,59453020.0,49
55,직원,대학교,62907569.781491004,73062500.0,48685310.0,82968575.0,778
55,직원,법인,29194990.0,25371920.0,20041180.0,49044100.0,5
55,직원,유치원,2035335.5895196507,290180.0,150790.0,1649260.0,229
55,직원,전문대학,51925846.631578945,57494160.0,31453715.0,72749890.0,95
55,직원,중학교,43281262.222222224,46359025.0,37393610.0,56906250.0,18
55,직원,초등학교,13219284.0,4779390.0,3997820.0,15540540.0,5
55,직원,특수학교,27976255.714285713,28220430.0,776330.0,48739255.0,7
56,교원,고등학교,75259663.01143584,80033190.0,72673485.0,85696455.0,787
56,교원,대학교,25764644.5785877,12529370.0,912880.0,45846645.0,439
56,교원,유치원,6615735.454545454,2160790.0,312720.0,9265200.0,253
56,교원,전문대학,31106005.686813187,19983010.0,714582.5,61022972.5,182
56,교원,중학교,75487838.94389439,80403110.0,71886175.0,85873565.0,303
56,교원,초등학교,68575180.71428572,71892820.0,61421385.0,82152337.5,14
56,교원,특수학교,76221258.33333333,85115280.0,74290200.0,90008275.0,48
56,직원,고등학교,49044961.07692308,60771530.0,30084440.0,68327220.0,65
56,직원,대학교,67434708.1332599,76229100.0,57074412.5,86156852.5,908
56,직원,법인,62379724.28571428,67119990.0,51337655.0,84964360.0,7
56,직원,유치원,1964291.7154811716,271440.0,139595.0,1538650.0,239
56,직원,전문대학,54777749.10714286,58699265.0,41669930.0,76622672.5,112
56,직원,중학교,34877988.125,35963660.0,12946657.5,55819610.0,16
56,직원,초등학교,56676836.666666664,65941250.0,48259350.0,69726530.0,3
56,직원,특수학교,26994722.222222224,20358500.0,16501270.0,38591750.0,9
57,교원,고등학교,80171870.17094018,85758135.0,78424490.0,88598415.0,1170
57,교원,대학교,25627167.658643328,10567700.0,772720.0,51152010.0,457
57,교원,유치원,8176221.658767773,2956590.0,345860.0,11053820.0,211
57,교원,전문대학,38329550.25,28060895.0,2517172.5,67772925.0,240
57,교원,중학교,82218490.64655173,86530020.0,79119400.0,88896727.5,464
57,교원,초등학교,59200383.0,65488060.0,31083637.5,92028652.5,20
57,교원,특수학교,81796218.59649123,90500010.0,80540600.0,91960490.0,57
57,직원,고등학교,45164831.71875,54584390.0,12686217.5,70841182.5,64
57,직원,대학교,69175931.16666667,78740110.0,59069997.5,89917532.5,960
57,직원,법인,25007073.75,6925815.0,754680.0,35295695.0,8
57,직원,유치원,3361620.0,393470.0,176360.0,2695940.0,229
57,직원,전문대학,58212286.701030925,63081970.0,45562540.0,74855360.0,97
57,직원,중학교,51236478.64864865,57103200.0,35704960.0,69098610.0,37
57,직원,초등학교,25593925.0,25593925.0,17949267.5,33238582.5,2
57,직원,특수학교,45179867.777777776,50249390.0,34960050.0,63027960.0,9
58,교원,고등학교,83984596.16456535,87818170.0,82030095.0,90193240.0,1507
58,교원,대학교,32093933.56223176,17250155.0,794637.5,58930092.5,466
58,교원,유치원,7142848.675799087,868480.0,338895.0,8229580.0,219
58,교원,전문대학,44854903.44444445,50166540.0,3275810.0,75142280.0,270
58,교원,중학교,84247232.47292419,88063280.0,81903910.0,90382362.5,554
58,교원,초등학교,67492540.0,69808040.0,65978520.0,90068080.0,21
58,교원,특수학교,80444185.6716418,89577390.0,76738645.0,93008505.0,67
58,직원,고등학교,43388375.07462686,39733330.0,16290665.0,66435460.0,67
58,직원,대학교,71728596.80131005,80093205.0,61560262.5,90481350.0,916
58,직원,법인,70184233.63636364,74132560.0,46262885.0,98171230.0,11
58,직원,유치원,3271414.7290640394,520460.0,217700.0,3160230.0,203
58,직원,전문대학,51756993.37078652,56655100.0,25484070.0,76823650.0,89
58,직원,중학교,42216463.88888889,46285895.0,18894905.0,61946825.0,36
58,직원,초등학교,66195478.0,71849290.0,59748290.0,73145550.0,5
58,직원,특수학교,30175801.42857143,24354750.0,6800082.5,50539882.5,14
59,교원,고등학교,85087560.43719211,89158405.0,84188562.5,91770505.0,1624
59,교원,대학교,34931908.61,20957550.0,1040157.5,66687037.5,500
59,교원,유치원,10626463.260869564,4210600.0,505732.5,15597555.0,184
59,교원,전문대학,57311483.36330935,64877230.0,14473882.5,86896965.0,278
59,교원,중학교,85699391.93103448,89665590.0,85050117.5,91953490.0,580
59,교원,초등학교,70748783.5,77479675.0,55881480.0,94269645.0,20
59,교원,특수학교,77946819.84126984,89528590.0,70157895.0,93641860.0,63
59,직원,고등학교,50789526.451612905,57278055.0,25173320.0,77558652.5,124
59,직원,대학교,67466710.84821428,78053200.0,47947240.0,90581817.5,896
59,직원,법인,51425313.0,42696025.0,12691052.5,93019260.0,10
59,직원,유치원,3659036.888888889,438710.0,199390.0,3706610.0,225
59,직원,전문대학,56664615.05494505,63494800.0,31958540.0,79090485.0,91
59,직원,중학교,56451753.333333336,60210020.0,38213787.5,73901887.5,42
59,직원,초등학교,44087286.0,50392750.0,11641140.0,53095880.0,5
59,직원,특수학교,37539990.0,35234325.0,15729595.0,57730915.0,14
60,교원,고등학교,85577400.76150185,90444620.0,86394910.0,93053065.0,1891
60,교원,대학교,44144836.31076389,36533095.0,4048452.5,79403597.5,576
60,교원,유치원,12351401.708542714,4427260.0,425360.0,18235865.0,199
60,교원,전문대학,57846285.98901099,67642100.0,15400377.5,89264625.0,364
60,교원,중학교,87645511.04599406,91173855.0,87470367.5,93546280.0,674
60,교원,초등학교,76195847.22222222,90502705.0,60055265.0,96333280.0,18
60,교원,특수학교,83607393.42105263,92256620.0,77710035.0,95935600.0,76
60,직원,고등학교,45050309.972299166,44783230.0,21851497.5,67266287.5,722
60,직원,대학교,60182183.70843373,69935675.0,27278710.0,89351257.5,4150
60,직원,법인,60090154.027777776,60661215.0,23170720.0,98810255.0,72
60,직원,유치원,5078987.297979798,1725205.0,269940.0,5421722.5,396
60,직원,전문대학,51405159.56298201,51123340.0,27351960.0,77268400.0,389
60,직원,중학교,44968422.43636364,48510870.0,25272265.0,64143190.0,275
60,직원,초등학교,48129379.77272727,46905390.0,36034337.5,62701607.5,44
60,직원,특수학교,33931790.27586207,30976460.0,18237790.0,43651290.0,145
61,교원,고등학교,88721065.43468763,92312340.0,89041430.0,95001970.0,2289
61,교원,대학교,47563234.76331361,45221480.0,3787052.5,86184450.0,676
61,교원,유치원,13929980.07142857,6384320.0,532060.0,23352440.0,140
61,교원,전문대학,59021205.43103448,67329185.0,23787382.5,87996035.0,348
61,교원,중학교,89295460.52325581,92533140.0,88600337.5,95151910.0,860
61,교원,초등학교,80906970.4,94325590.0,68897270.0,97995610.0,25
61,교원,특수학교,84764596.0,93533395.0,89066470.0,96631810.0,50
61,직원,고등학교,47367134.87179487,48375815.0,21935397.5,71520250.0,624
61,직원,대학교,45347839.931015454,37479905.0,8935625.0,83461107.5,3624
61,직원,법인,64814777.631578945,75428935.0,21805705.0,102726447.5,38
61,직원,유치원,5763057.353689567,2132190.0,339940.0,6279110.0,393
61,직원,전문대학,56082533.928571425,57177130.0,33955347.5,81336702.5,224
61,직원,중학교,47781028.49372385,45646610.0,28146480.0,68472370.0,239
61,직원,초등학교,39961882.777777776,37182525.0,23071995.0,58630395.0,36
61,직원,특수학교,33291254.3,32492435.0,18563897.5,44810882.5,100
62,교원,고등학교,88694146.06858924,93702650.0,89080305.0,96296825.0,6415
62,교원,대학교,52752792.53602306,51772015.0,3441060.0,95200262.5,694
62,교원,유치원,21876285.734265734,12703855.0,1304900.0,33344045.0,286
62,교원,전문대학,62498688.65102639,71867590.0,25712060.0,95574520.0,341
62,교원,중학교,90116980.16569637,94179030.0,90088490.0,97034550.0,2233
62,교원,초등학교,83682203.35664336,95622520.0,72739880.0,100048140.0,143
62,교원,특수학교,76731679.94623657,89378045.0,59742750.0,96980120.0,186
62,직원,고등학교,13588069.0,10660065.0,9755752.5,15550400.0,10
62,직원,대학교,67907233.55421686,82029450.0,34684505.0,97265175.0,498
62,직원,법인,45387793.75,25309240.0,6627880.0,92848590.0,8
62,직원,유치원,4367119.0344827585,2046800.0,321360.0,4029330.0,145
62,직원,전문대학,55460470.55555555,56590830.0,21388690.0,91986770.0,18
62,직원,초등학교,83199990.0,83199990.0,83199990.0,83199990.0,1
63,교원,고등학교,89939228.31338818,94686805.0,89835860.0,97742090.0,2674
63,교원,대학교,55381012.187060475,59181640.0,4464565.0,99067535.0,711
63,교원,유치원,20915308.678414095,14768640.0,3208560.0,32966675.0,227
63,교원,전문대학,63137868.02197802,77754690.0,15315660.0,103234310.0,273
63,교원,중학교,91434418.25136612,95409100.0,91463570.0,98265455.0,915
63,교원,초등학교,81476354.09836066,95813520.0,75524060.0,101473900.0,61
63,교원,특수학교,77906087.72727273,91452940.0,52919270.0,98072745.0,88
63,직원,고등학교,39925885.0,44434565.0,26504115.0,57856335.0,4
63,직원,대학교,22698422.0,7201205.0,2207255.0,29810117.5,30
63,직원,유치원,5050650.0,1831015.0,270642.5,5080312.5,48
63,직원,전문대학,3098550.0,1221160.0,762425.0,3557285.0,4
64,교원,고등학교,56643273.0,47297225.0,19475722.5,95250375.0,20
64,교원,대학교,60258582.10678211,65264060.0,6089120.0,108053250.0,693
64,교원,유치원,19340577.320261437,14290960.0,3674810.0,28439360.0,153
64,교원,전문대학,59594346.72340426,67725310.0,6345310.0,101295450.0,235
64,교원,중학교,57491058.333333336,49616885.0,49127317.5,50980607.5,6
64,교원,초등학교,90630152.5,101448940.0,88238545.0,103840547.5,4
64,교원,특수학교,19943550.0,19943550.0,10832705.0,29054395.0,2
64,직원,고등학교,5203380.0,5203380.0,2914040.0,7492720.0,2
64,직원,대학교,22189628.181818184,4784930.0,1250320.0,17115860.0,11
64,직원,유치원,6940720.769230769,1138780.0,197090.0,8299117.5,26
64,직원,전문대학,14591490.0,14591490.0,14591490.0,14591490.0,1
64,직원,특수학교,38188070.0,38188070.0,38188070.0,38188070.0,1
65,교원,고등학교,52957554.166666664,49024330.0,20629112.5,96110890.0,12
65,교원,대학교,85008339.30123432,99285990.0,63129750.0,115947520.0,9803
65,교원,유치원,17634725.789473683,7675450.0,1235235.0,26505810.0,95
65,교원,전문대학,66470014.530438885,70759790.0,28967040.0,105117135.0,2119
65,교원,중학교,89824780.0,93899905.0,85725075.0,97999610.0,4
65,직원,고등학교,23494655.0,23494655.0,22292812.5,24696497.5,2
65,직원,대학교,24483848.333333332,2231015.0,774220.0,48034380.0,24
65,직원,법인,286210.0,286210.0,286210.0,286210.0,1
65,직원,유치원,2665850.909090909,2432720.0,554605.0,3893420.0,11
65,직원,전문대학,5030250.0,5030250.0,3026685.0,7033815.0,2
66,교원,고등학교,47845882.5,48836765.0,34054795.0,62627852.5,4
66,교원,대학교,86915743.63113056,101525310.0,66426820.0,117256045.0,4343
66,교원,유치원,17553401.76470588,15723770.0,4301090.0,25231170.0,85
66,교원,전문대학,65368493.816793896,68909400.0,26655540.0,107090810.0,917
66,교원,중학교,49291810.0,49291810.0,32182385.0,66401235.0,2
66,직원,대학교,23211855.0,9765175.0,724210.0,28924435.0,6
66,직원,유치원,4223480.0,741580.0,635035.0,6070975.0,3
67,교원,고등학교,75875036.66666667,99292420.0,49914145.0,113544620.0,3
67,교원,대학교,39829582.79069767,21149375.0,1198632.5,60871517.5,86
67,교원,유치원,20548595.576923076,15909280.0,3778575.0,33985795.0,52
67,교원,전문대학,24741371.363636363,6259070.0,389917.5,35050180.0,22
67,교원,중학교,6951210.0,6951210.0,6951210.0,6951210.0,1
67,직원,고등학교,27833490.0,27833490.0,27833490.0,27833490.0,1
67,직원,대학교,2136600.0,2136600.0,2136600.0,2136600.0,1
67,직원,법인,20322070.0,20322070.0,20322070.0,20322070.0,1
67,직원,유치원,13316200.0,13316200.0,13316200.0,13316200.0,1
68,교원,고등학교,90142720.0,90142720.0,90142720.0,90142720.0,1
68,교원,대학교,38562431.52542373,19059460.0,1434200.0,64360610.0,59
68,교원,유치원,20521807.954545453,16049910.0,6115427.5,28513557.5,44
68,교원,전문대학,40547347.14285714,20028660.0,4832260.0,59722720.0,21
68,직원,대학교,730450.0,730450.0,730450.0,730450.0,1
68,직원,유치원,33173515.0,33173515.0,16638967.5,49708062.5,2
68,직원,초등학교,59811220.0,59811220.0,59811220.0,59811220.0,1
69,교원,고등학교,64770345.0,64770345.0,43960937.5,85579752.5,2
69,교원,대학교,44374324.6875,13067240.0,914815.0,94999437.5,32
69,교원,유치원,23430014.390243903,20656750.0,9809030.0,31486040.0,41
69,교원,전문대학,64231208.333333336,64174590.0,12265597.5,116788615.0,12
70,교원,고등학교,17580210.0,17580210.0,17580210.0,17580210.0,1
70,교원,대학교,46141116.5,12205290.0,2517077.5,115952597.5,20
70,교원,유치원,22954215.666666668,19972215.0,8327782.5,35639945.0,30
70,교원,전문대학,5006095.0,1289865.0,1191732.5,5104227.5,4
70,직원,대학교,15206710.0,15206710.0,15206710.0,15206710.0,1
71,교원,고등학교,23425700.0,23425700.0,12588930.0,34262470.0,2
71,교원,대학교,9183676.0,1187480.0,660472.5,5935520.0,10
71,교원,유치원,26121691.612903226,22385830.0,7558700.0,41712710.0,31
71,교원,전문대학,78490510.0,78490510.0,78490510.0,78490510.0,1
72,교원,고등학교,2484010.0,2484010.0,2484010.0,2484010.0,1
72,교원,대학교,23481667.5,8499930.0,3974990.0,27140330.0,8
72,교원,유치원,27437510.0,26422800.0,12390900.0,36525735.0,22
72,교원,전문대학,17642097.5,17424600.0,1725140.0,33341557.5,4
73,교원,고등학교,19505390.0,19505390.0,19505390.0,19505390.0,1
73,교원,유치원,21248331.42857143,19156850.0,5009385.0,31965022.5,14
73,교원,전문대학,2443540.0,838730.0,654552.5,2627717.5,4
73,교원,중학교,28337460.0,28337460.0,28337460.0,28337460.0,1
73,직원,법인,35413410.0,35413410.0,35413410.0,35413410.0,1
74,교원,고등학교,16883560.0,16883560.0,16883560.0,16883560.0,1
74,교원,대학교,2666150.0,2666150.0,2666150.0,2666150.0,1
74,교원,유치원,26853732.0,22202950.0,14789715.0,34677850.0,15
74,교원,전문대학,6736723.333333333,1691290.0,963082.5,12534020.0,6
75,교원,대학교,9129465.0,9129465.0,5274112.5,12984817.5,2
75,교원,유치원,20065684.11764706,14274580.0,1223570.0,33378650.0,17
75,교원,전문대학,7556480.0,7556480.0,7556480.0,7556480.0,1
75,교원,중학교,112183530.0,112183530.0,112183530.0,112183530.0,1
75,직원,대학교,14984480.0,14984480.0,14984480.0,14984480.0,1
76,교원,대학교,12584158.0,2713030.0,1788880.0,19742040.0,5
76,교원,유치원,23113474.444444444,17784370.0,12174360.0,40544670.0,9
77,교원,대학교,143427820.0,143427820.0,143427820.0,143427820.0,1
77,교원,유치원,13644096.0,12869250.0,713070.0,23666100.0,5
77,교원,전문대학,7604660.0,7604660.0,7604660.0,7604660.0,1
78,교원,고등학교,46460630.0,46460630.0,46460630.0,46460630.0,1
78,교원,대학교,50165100.0,50165100.0,25616880.0,74713320.0,2
78,교원,유치원,21628710.0,18341710.0,9208112.5,32944247.5,8
78,직원,유치원,71730.0,71730.0,71730.0,71730.0,1
79,교원,고등학교,1092440.0,1092440.0,1092440.0,1092440.0,1
79,교원,대학교,66198863.333333336,34650660.0,24881815.0,91741810.0,3
79,교원,유치원,51909495.0,43134610.0,23402177.5,71641927.5,4
79,교원,전문대학,18879710.0,18879710.0,18879710.0,18879710.0,1
80,교원,대학교,15328870.0,15328870.0,15328870.0,15328870.0,1
80,교원,유치원,31702133.75,22049715.0,1516175.0,58050185.0,8
80,교원,전문대학,23371330.0,23371330.0,23371330.0,23371330.0,1
81,교원,유치원,19847704.0,7839830.0,6338700.0,19556280.0,5
81,교원,전문대학,13310530.0,12595860.0,9475137.5,16431252.5,4
82,교원,고등학교,27558320.0,27558320.0,27558320.0,27558320.0,1
82,교원,대학교,832675.0,832675.0,796297.5,869052.5,2
82,교원,유치원,25450387.5,28827025.0,12659430.0,41617982.5,4
83,교원,고등학교,32109650.0,32109650.0,32109650.0,32109650.0,1
83,교원,대학교,684370.0,684370.0,684370.0,684370.0,1
83,교원,유치원,30570230.0,45319700.0,22802180.0,45713015.0,3
83,교원,전문대학,8722640.0,8722640.0,8708150.0,8737130.0,2
84,교원,대학교,76206505.0,76206505.0,68866622.5,83546387.5,2
84,교원,유치원,30865793.333333332,25144190.0,12611095.0,46259690.0,3
85,교원,대학교,726660.0,726660.0,726660.0,726660.0,1
85,교원,유치원,7672940.0,7672940.0,7672940.0,7672940.0,1
87,교원,고등학교,22628270.0,22628270.0,22628270.0,22628270.0,1
87,교원,대학교,65366950.0,65366950.0,65366950.0,65366950.0,1
87,교원,유치원,49132920.0,49132920.0,49132920.0,49132920.0,1
87,교원,전문대학,7667580.0,7667580.0,7667580.0,7667580.0,1
87,교원,중학교,11307560.0,11307560.0,11307560.0,11307560.0,1
88,교원,고등학교,18490410.0,18490410.0,18490410.0,18490410.0,1
88,교원,대학교,271575.0,271575.0,254562.5,288587.5,2
89,교원,대학교,60522880.0,60522880.0,60522880.0,60522880.0,1
89,교원,유치원,1892130.0,1892130.0,1892130.0,1892130.0,1
91,교원,대학교,212930.0,212930.0,212930.0,212930.0,1
92,교원,전문대학,8429980.0,8429980.0,8429980.0,8429980.0,1
95,교원,대학교,16099050.0,16099050.0,12074295.0,20123805.0,2
95,교원,전문대학,3641990.0,3641990.0,3641990.0,3641990.0,1
